{"cameraMode":{"drawMode":0,"name":"Shaded","section":"Shading Mode"},"sceneLighting":false,"audioPlay":false,"sceneViewState":{"showFog":true,"showMaterialUpdate":false,"showSkybox":false,"showFlares":true,"showImageEffects":true,"showParticleSystems":true},"in2DMode":false,"pivot":{"x":0.12107664346694946,"y":2.7089810371398927,"z":0.21533873677253724},"rotation":{"x":-0.7141018509864807,"y":0.0014733647694811226,"z":-0.0014891033060848714,"w":-0.7000856399536133},"size":5.743081092834473,"orthographic":false}