{"cameraMode":{"drawMode":0,"name":"Shaded","section":"Shading Mode"},"sceneLighting":false,"audioPlay":false,"sceneViewState":{"showFog":true,"showMaterialUpdate":false,"showSkybox":false,"showFlares":true,"showImageEffects":true,"showParticleSystems":true},"in2DMode":false,"pivot":{"x":0.438520222902298,"y":3.2785286903381349,"z":-0.6754183769226074},"rotation":{"x":-0.6551111340522766,"y":-0.002945783082395792,"z":0.002563992515206337,"w":-0.7555646896362305},"size":4.790525436401367,"orthographic":false}