{"cameraMode":{"drawMode":0,"name":"Shaded","section":"Shading Mode"},"sceneLighting":false,"audioPlay":false,"sceneViewState":{"showFog":true,"showMaterialUpdate":false,"showSkybox":false,"showFlares":true,"showImageEffects":true,"showParticleSystems":true},"in2DMode":false,"pivot":{"x":0.5532361268997192,"y":1.4458751678466797,"z":0.3189547061920166},"rotation":{"x":-0.5024414658546448,"y":0.03292744979262352,"z":-0.019139094278216363,"w":-0.863838791847229},"size":6.754164695739746,"orthographic":false}