{"cameraMode":{"drawMode":0,"name":"Shaded","section":"Shading Mode"},"sceneLighting":false,"audioPlay":false,"sceneViewState":{"showFog":true,"showMaterialUpdate":false,"showSkybox":false,"showFlares":true,"showImageEffects":true,"showParticleSystems":true},"in2DMode":false,"pivot":{"x":0.5740715861320496,"y":2.2095823287963869,"z":-1.1526720523834229},"rotation":{"x":-0.5433314442634583,"y":-0.030988037586212159,"z":0.02003142237663269,"w":-0.8387672305107117},"size":7.0278096199035648,"orthographic":false}