{"cameraMode":{"drawMode":0,"name":"Shaded","section":"Shading Mode"},"sceneLighting":false,"audioPlay":false,"sceneViewState":{"showFog":true,"showMaterialUpdate":false,"showSkybox":true,"showFlares":true,"showImageEffects":true,"showParticleSystems":true},"in2DMode":false,"pivot":{"x":-0.5360231399536133,"y":-0.8703622817993164,"z":0.06460332870483399},"rotation":{"x":-0.1377795785665512,"y":0.03623945266008377,"z":-0.005036140326410532,"w":-0.9898172616958618},"size":8.258167266845704,"orthographic":false}