{"cameraMode":{"drawMode":0,"name":"Shaded","section":"Shading Mode"},"sceneLighting":false,"audioPlay":false,"sceneViewState":{"showFog":true,"showMaterialUpdate":false,"showSkybox":false,"showFlares":true,"showImageEffects":true,"showParticleSystems":true},"in2DMode":false,"pivot":{"x":-0.6798027753829956,"y":2.950119972229004,"z":-0.9332852363586426},"rotation":{"x":-0.674162745475769,"y":0.00818178616464138,"z":-0.007488096132874489,"w":-0.7386189699172974},"size":6.141022205352783,"orthographic":false}