{"cameraMode":{"drawMode":0,"name":"Shaded","section":"Shading Mode"},"sceneLighting":false,"audioPlay":false,"sceneViewState":{"showFog":true,"showMaterialUpdate":false,"showSkybox":true,"showFlares":true,"showImageEffects":true,"showParticleSystems":true},"in2DMode":false,"pivot":{"x":16.88785171508789,"y":29.77889060974121,"z":-12.668954849243164},"rotation":{"x":-0.08519137650728226,"y":-0.4866516888141632,"z":0.047740425914525989,"w":-0.8681682348251343},"size":38.03567886352539,"orthographic":false}