{"cameraMode":{"drawMode":0,"name":"Shaded","section":"Shading Mode"},"sceneLighting":false,"audioPlay":false,"sceneViewState":{"showFog":true,"showMaterialUpdate":false,"showSkybox":false,"showFlares":true,"showImageEffects":true,"showParticleSystems":true},"in2DMode":false,"pivot":{"x":0.438520222902298,"y":3.2785286903381349,"z":-0.6754183769226074},"rotation":{"x":-0.5013912320137024,"y":-0.0176496971398592,"z":0.010238646529614926,"w":-0.8650168180465698},"size":5.690526008605957,"orthographic":false}