{"cameraMode":{"drawMode":0,"name":"Shaded","section":"Shading Mode"},"sceneLighting":false,"audioPlay":false,"sceneViewState":{"showFog":true,"showMaterialUpdate":false,"showSkybox":true,"showFlares":true,"showImageEffects":true,"showParticleSystems":true},"in2DMode":false,"pivot":{"x":1.2078509330749512,"y":1.1402692794799805,"z":0.7644939422607422},"rotation":{"x":-0.1377795785665512,"y":0.03623945266008377,"z":-0.005036140326410532,"w":-0.9898172616958618},"size":10.851816177368164,"orthographic":false}