{"cameraMode":{"drawMode":0,"name":"Shaded","section":"Shading Mode"},"sceneLighting":false,"audioPlay":false,"sceneViewState":{"showFog":true,"showMaterialUpdate":false,"showSkybox":false,"showFlares":true,"showImageEffects":true,"showParticleSystems":true},"in2DMode":false,"pivot":{"x":-0.04278239235281944,"y":3.0500314235687258,"z":-0.3685963749885559},"rotation":{"x":-0.7161340117454529,"y":0.009843734093010426,"z":-0.010088014416396618,"w":-0.6978784799575806},"size":4.906815052032471,"orthographic":false}